Symbol,Side,Type,Qty,Filled Qty,Limit Price,Stop Price,Avg Fill Price,Status,Update Time,Position ID,Commission,Closed P&L,Order ID
XAUUSD,Sell,Take Profit,0.01,0,4129.65,,,Cancelled,2026-07-08 14:11:25,,0.0,,1196718389
XAUUSD,Sell,Stop Loss,0.01,0.01,,4118.65,4118.42,Filled,2026-07-08 14:10:08,XAUUSD:1196718388,0.0,-0.72,1196718390
XAUUSD,Buy,Limit,0.01,0.01,4119.65,,4119.14,Filled,2026-07-08 14:10:08,XAUUSD:1196718388,0.0,,1196718388
XAUUSD,Sell,Take Profit,0.01,0,4129.45,,,Cancelled,2026-07-08 14:08:12,,0.0,,1196716635
XAUUSD,Sell,Stop Loss,0.01,0.01,,4119.48,4119.47,Filled,2026-07-08 14:07:41,XAUUSD:1196716226,0.0,-0.01,1196716249
XAUUSD,Buy,Limit,0.01,0.01,4119.49,,4119.48,Filled,2026-07-08 14:07:04,XAUUSD:1196716226,0.0,,1196716226
XAUUSD,Buy,Market,0.01,0.01,,,4128.64,Filled,2026-07-08 12:40:52,XAUUSD:1196674830,0.0,-1.32,1196675082
XAUUSD,Sell,Limit,0.01,0.01,4127.27,,4127.32,Filled,2026-07-08 12:40:31,XAUUSD:1196674830,0.0,,1196674830
XAUUSD,Sell,Limit,0.01,0,4127.25,,,Cancelled,2026-07-08 11:38:52,,0.0,,1196645176
XAUUSD,Sell,Take Profit,0.01,0,4128.3,,,Cancelled,2026-07-08 08:50:12,,0.0,,1196560372
XAUUSD,Buy,Limit,0.01,0,4108.3,,,Cancelled,2026-07-08 08:50:12,,0.0,,1196560371
XAUUSD,Sell,Stop Loss,0.01,0,,4107.3,,Cancelled,2026-07-08 08:50:12,,0.0,,1196560373
XAUUSD,Buy,Take Profit,0.01,0,4178.13,,,Cancelled,2026-07-08 07:55:27,,0.0,,1196519167
XAUUSD,Sell,Limit,0.01,0,4193.72,,,Cancelled,2026-07-08 07:55:27,,0.0,,1196519166
XAUUSD,Buy,Stop Loss,0.01,0,,4199.84,,Cancelled,2026-07-08 07:55:27,,0.0,,1196519168
XAUUSD,Sell,Stop Loss,0.01,0,,4137.63,,Cancelled,2026-07-08 00:43:25,,0.0,,1196265021
XAUUSD,Sell,Take Profit,0.01,0,4152.69,,,Cancelled,2026-07-08 00:43:25,,0.0,,1196268351
XAUUSD,Sell,Market,0.01,0.01,,,4147.53,Filled,2026-07-08 00:43:25,XAUUSD:1196264899,0.0,9.91,1196317620
XAUUSD,Buy,Market,0.01,0.01,,,4137.62,Filled,2026-07-07 23:01:14,XAUUSD:1196264899,0.0,,1196264899
XAUUSD,Sell,Stop Loss,0.01,0.01,,4140.58,4140.51,Filled,2026-07-07 22:54:00,XAUUSD:1196255215,0.0,-1.04,1196255324
XAUUSD,Buy,Limit,0.01,0.01,4141.49,,4141.55,Filled,2026-07-07 22:50:26,XAUUSD:1196255215,0.0,,1196255215
XAUUSD,Sell,Take Profit,0.01,0,4180.23,,,Cancelled,2026-07-07 22:47:16,,0.0,,1196248670
XAUUSD,Sell,Stop Loss,0.01,0.01,,4144.58,4144.57,Filled,2026-07-07 22:41:42,XAUUSD:1196247652,0.0,-0.01,1196247700
XAUUSD,Buy,Limit,0.01,0.01,4144.62,,4144.58,Filled,2026-07-07 22:39:46,XAUUSD:1196247652,0.0,,1196247652
XAUUSD,Buy,Limit,0.01,0,4143.22,,,Cancelled,2026-07-07 22:34:51,,0.0,,1196242740
XAUUSD,Sell,Stop Loss,0,0,,4142.19,,Cancelled,2026-07-07 22:34:51,,0.0,,1196242953
XAUUSD,Buy,Limit,0.01,0,4142.56,,,Cancelled,2026-07-07 22:27:15,,0.0,,1196234975
XAUUSD,Sell,Stop Loss,0,0,,4141.45,,Cancelled,2026-07-07 22:27:15,,0.0,,1196234999
XAUUSD,Sell,Stop Loss,0.01,0.01,,4144.25,4143.81,Filled,2026-07-07 22:26:46,XAUUSD:1196240035,0.0,-1.44,1196240129
XAUUSD,Buy,Market,0.01,0.01,,,4145.25,Filled,2026-07-07 22:26:35,XAUUSD:1196240035,0.0,,1196240035
XAUUSD,Sell,Take Profit,0.01,0,4152.78,,,Cancelled,2026-07-07 22:18:27,,0.0,,1196188565
XAUUSD,Sell,Take Profit,0.01,0,4154.75,,,Cancelled,2026-07-07 21:42:11,,0.0,,1196186950
XAUUSD,Sell,Take Profit,0.01,0,4180.34,,,Cancelled,2026-07-07 21:35:06,,0.0,,1196180268
XAUUSD,Buy,Limit,0.01,0.01,4142.78,,4142.7,Filled,2026-07-07 21:32:24,XAUUSD:1196188564,0.0,,1196188564
XAUUSD,Sell,Stop Loss,0.01,0.01,,4141.78,4141.89,Filled,2026-07-07 21:32:24,XAUUSD:1196188564,0.0,-0.81,1196188566
XAUUSD,Buy,Limit,0.01,0.01,4144.75,,4144.73,Filled,2026-07-07 21:31:07,XAUUSD:1196186949,0.0,,1196186949
XAUUSD,Sell,Stop Loss,0.01,0.01,,4143.75,4143.72,Filled,2026-07-07 21:31:07,XAUUSD:1196186949,0.0,-1.01,1196187051
XAUUSD,Buy,Limit,0.01,0.01,4151.1,,4151.13,Filled,2026-07-07 21:26:18,XAUUSD:1196180267,0.0,,1196180267
XAUUSD,Sell,Stop Loss,0.01,0.01,,4150.1,4150.18,Filled,2026-07-07 21:26:18,XAUUSD:1196180267,0.0,-0.95,1196180269
XAUUSD,Sell,Take Profit,0.01,0,4180.4,,,Cancelled,2026-07-07 21:23:05,,0.0,,1196173452
XAUUSD,Buy,Limit,0.01,0.01,4154.84,,4154.74,Filled,2026-07-07 21:19:44,XAUUSD:1196173451,0.0,,1196173451
XAUUSD,Sell,Stop Loss,0.01,0.01,,4153.84,4153.51,Filled,2026-07-07 21:19:44,XAUUSD:1196173451,0.0,-1.23,1196173453
XAUUSD,Buy,Take Profit,0.01,0,4146.8,,,Cancelled,2026-07-07 18:59:48,,0.0,,1196013070
XAUUSD,Buy,Take Profit,0.01,0,4145.15,,,Cancelled,2026-07-07 18:59:48,,0.0,,1196012997
XAUUSD,Buy,Take Profit,0.01,0,4143.19,,,Cancelled,2026-07-07 18:58:52,,0.0,,1196012875
XAUUSD,Sell,Limit,0.01,0.01,4156.8,,4158.12,Filled,2026-07-07 18:52:57,XAUUSD:1196013069,0.0,,1196013069
XAUUSD,Buy,Stop Loss,0.01,0.01,,4157.8,4158.15,Filled,2026-07-07 18:52:57,XAUUSD:1196013069,0.0,-0.03,1196013071
XAUUSD,Sell,Limit,0.01,0.01,4155.15,,4157.97,Filled,2026-07-07 18:52:43,XAUUSD:1196012996,0.0,,1196012996
XAUUSD,Buy,Stop Loss,0.01,0.01,,4156.15,4158.13,Filled,2026-07-07 18:52:43,XAUUSD:1196012996,0.0,-0.16,1196012998
XAUUSD,Sell,Limit,0.01,0.01,4153.19,,4153.22,Filled,2026-07-07 18:52:31,XAUUSD:1196012874,0.0,,1196012874
XAUUSD,Buy,Stop Loss,0.01,0.01,,4154.19,4154.21,Filled,2026-07-07 18:52:31,XAUUSD:1196012874,0.0,-0.99,1196012876
XAUUSD,Buy,Take Profit,0.01,0,4134.4,,,Cancelled,2026-07-07 18:35:30,,0.0,,1195997539
XAUUSD,Buy,Stop Loss,0.01,0.01,,4144.6,4144.6,Filled,2026-07-07 18:31:53,XAUUSD:1195997538,0.0,0.0,1195997540
XAUUSD,Sell,Limit,0.01,0.01,4144.4,,4144.6,Filled,2026-07-07 18:23:31,XAUUSD:1195997538,0.0,,1195997538
XAUUSD,Buy,Take Profit,0.01,0,4125.44,,,Cancelled,2026-07-07 18:16:15,,0.0,,1195991071
XAUUSD,Sell,Limit,0.01,0.01,4135.44,,4135.69,Filled,2026-07-07 18:12:50,XAUUSD:1195991070,0.0,,1195991070
XAUUSD,Buy,Stop Loss,0.01,0.01,,4136.44,4136.46,Filled,2026-07-07 18:12:50,XAUUSD:1195991070,0.0,-0.77,1195991072
XAUUSD,Buy,Take Profit,0.01,0,4125.61,,,Cancelled,2026-07-07 17:55:23,,0.0,,1195983373
XAUUSD,Sell,Limit,0.01,0.01,4135.61,,4135.77,Filled,2026-07-07 17:49:44,XAUUSD:1195983372,0.0,,1195983372
XAUUSD,Buy,Stop Loss,0.01,0.01,,4136.61,4136.66,Filled,2026-07-07 17:49:44,XAUUSD:1195983372,0.0,-0.89,1195983374
XAUUSD,Buy,Take Profit,0.01,0,4126.28,,,Cancelled,2026-07-07 17:33:42,,0.0,,1195979078
XAUUSD,Sell,Limit,0.01,0.01,4136.28,,4136.38,Filled,2026-07-07 17:32:25,XAUUSD:1195979077,0.0,,1195979077
XAUUSD,Buy,Stop Loss,0.01,0.01,,4137.28,4137.51,Filled,2026-07-07 17:32:25,XAUUSD:1195979077,0.0,-1.13,1195979079
XAUUSD,Buy,Limit,0.01,0,4131.18,,,Cancelled,2026-07-07 17:18:33,,0.0,,1195973053
XAUUSD,Sell,Take Profit,0,0,4141.08,,,Cancelled,2026-07-07 17:18:33,,0.0,,1195973054
XAUUSD,Sell,Stop Loss,0,0,,4130.08,,Cancelled,2026-07-07 17:18:33,,0.0,,1195973055
XAUUSD,Buy,Take Profit,0.01,0,4117.8,,,Cancelled,2026-07-07 16:35:35,,0.0,,1195957070
XAUUSD,Sell,Limit,0.01,0.01,4127.8,,4127.83,Filled,2026-07-07 16:33:25,XAUUSD:1195957069,0.0,,1195957069
XAUUSD,Buy,Stop Loss,0.01,0.01,,4128.8,4129.04,Filled,2026-07-07 16:33:25,XAUUSD:1195957069,0.0,-1.21,1195957071
XAUUSD,Sell,Take Profit,0.01,0,4136.63,,,Cancelled,2026-07-07 16:20:34,,0.0,,1195947555
XAUUSD,Sell,Stop Loss,0.01,0.01,,4126.44,4126.41,Filled,2026-07-07 16:11:57,XAUUSD:1195946874,0.0,-0.01,1195946890
XAUUSD,Buy,Market,0.01,0.01,,,4126.42,Filled,2026-07-07 16:09:48,XAUUSD:1195946874,0.0,,1195946874
XAUUSD,Sell,Take Profit,0.01,0,4138.09,,,Cancelled,2026-07-07 15:51:52,,0.0,,1195921974
XAUUSD,Sell,Take Profit,0.01,0,4138.74,,,Cancelled,2026-07-07 15:50:12,,0.0,,1195921425
XAUUSD,Sell,Limit,0.01,0,4135.8,,,Cancelled,2026-07-07 15:43:21,,0.0,,1195933377
XAUUSD,Buy,Take Profit,0,0,4125.8,,,Cancelled,2026-07-07 15:43:21,,0.0,,1195933378
XAUUSD,Buy,Stop Loss,0,0,,4136.8,,Cancelled,2026-07-07 15:43:21,,0.0,,1195933379
XAUUSD,Sell,Take Profit,0.01,0,4140.18,,,Cancelled,2026-07-07 15:43:11,,0.0,,1195920788
XAUUSD,Buy,Limit,0.01,0,4129.59,,,Cancelled,2026-07-07 15:22:00,,0.0,,1195919935
XAUUSD,Sell,Take Profit,0,0,4139.59,,,Cancelled,2026-07-07 15:22:00,,0.0,,1195919936
XAUUSD,Sell,Stop Loss,0,0,,4128.59,,Cancelled,2026-07-07 15:22:00,,0.0,,1195919937
XAUUSD,Buy,Limit,0.01,0.01,4128.09,,4128,Filled,2026-07-07 15:15:03,XAUUSD:1195921973,0.0,,1195921973
XAUUSD,Sell,Stop Loss,0.01,0.01,,4127.09,4127.07,Filled,2026-07-07 15:15:03,XAUUSD:1195921973,0.0,-0.93,1195921975
XAUUSD,Buy,Limit,0.01,0.01,4128.74,,4128.69,Filled,2026-07-07 15:14:47,XAUUSD:1195921424,0.0,,1195921424
XAUUSD,Sell,Stop Loss,0.01,0.01,,4127.74,4127.66,Filled,2026-07-07 15:14:47,XAUUSD:1195921424,0.0,-1.03,1195921426
XAUUSD,Buy,Limit,0.01,0.01,4130.18,,4130.37,Filled,2026-07-07 15:14:30,XAUUSD:1195920787,0.0,,1195920787
XAUUSD,Sell,Stop Loss,0.01,0.01,,4129.18,4129,Filled,2026-07-07 15:14:30,XAUUSD:1195920787,0.0,-1.37,1195920789
XAUUSD,Buy,Take Profit,0.01,0,4120.69,,,Cancelled,2026-07-07 15:10:27,,0.0,,1195910938
XAUUSD,Buy,Take Profit,0.01,0,4118.8,,,Cancelled,2026-07-07 15:03:09,,0.0,,1195910855
XAUUSD,Buy,Take Profit,0.01,0,4118.28,,,Cancelled,2026-07-07 15:03:07,,0.0,,1195910575
XAUUSD,Sell,Limit,0.01,0,4127.6,,,Cancelled,2026-07-07 15:00:31,,0.0,,1195911224
XAUUSD,Buy,Take Profit,0,0,4117.6,,,Cancelled,2026-07-07 15:00:31,,0.0,,1195911225
XAUUSD,Buy,Stop Loss,0,0,,4128.6,,Cancelled,2026-07-07 15:00:31,,0.0,,1195911226
XAUUSD,Sell,Limit,0.01,0.01,4130.69,,4130.71,Filled,2026-07-07 14:57:02,XAUUSD:1195910937,0.0,,1195910937
XAUUSD,Buy,Stop Loss,0.01,0.01,,4131.69,4131.97,Filled,2026-07-07 14:57:02,XAUUSD:1195910937,0.0,-1.26,1195910939
XAUUSD,Sell,Limit,0.01,0.01,4128.8,,4128.82,Filled,2026-07-07 14:56:41,XAUUSD:1195910854,0.0,,1195910854
XAUUSD,Buy,Stop Loss,0.01,0.01,,4129.8,4130.06,Filled,2026-07-07 14:56:41,XAUUSD:1195910854,0.0,-1.24,1195910856
XAUUSD,Sell,Limit,0.01,0.01,4128.28,,4128.71,Filled,2026-07-07 14:56:08,XAUUSD:1195910574,0.0,,1195910574
XAUUSD,Buy,Stop Loss,0.01,0.01,,4129.28,4129.29,Filled,2026-07-07 14:56:08,XAUUSD:1195910574,0.0,-0.58,1195910576
XAUUSD,Buy,Limit,0.01,0,4128.55,,,Cancelled,2026-07-07 14:44:47,,0.0,,1195904404
XAUUSD,Sell,Take Profit,0,0,4138.55,,,Cancelled,2026-07-07 14:44:47,,0.0,,1195904405
XAUUSD,Sell,Stop Loss,0,0,,4127.55,,Cancelled,2026-07-07 14:44:47,,0.0,,1195904406
XAUUSD,Sell,Take Profit,0.01,0,4139.93,,,Cancelled,2026-07-07 14:23:17,,0.0,,1195896691
XAUUSD,Buy,Limit,0.01,0.01,4129.93,,4129.81,Filled,2026-07-07 14:21:40,XAUUSD:1195896690,0.0,,1195896690
XAUUSD,Sell,Stop Loss,0.01,0.01,,4128.93,4128.88,Filled,2026-07-07 14:21:40,XAUUSD:1195896690,0.0,-0.93,1195896692
XAUUSD,Buy,Limit,0.01,0,4126.76,,,Cancelled,2026-07-07 14:16:39,,0.0,,1195893569
XAUUSD,Sell,Take Profit,0,0,4136.76,,,Cancelled,2026-07-07 14:16:39,,0.0,,1195893570
XAUUSD,Sell,Stop Loss,0,0,,4125.76,,Cancelled,2026-07-07 14:16:39,,0.0,,1195893571
XAUUSD,Sell,Limit,0.01,0,4133.83,,,Cancelled,2026-07-07 14:04:21,,0.0,,1195879069
XAUUSD,Buy,Take Profit,0,0,4123.83,,,Cancelled,2026-07-07 14:04:21,,0.0,,1195879070
XAUUSD,Buy,Stop Loss,0,0,,4134.83,,Cancelled,2026-07-07 14:04:21,,0.0,,1195879071
XAUUSD,Sell,Take Profit,0.01,0,4136.15,,,Cancelled,2026-07-07 14:03:33,,0.0,,1195881048
XAUUSD,Sell,Take Profit,0.01,0,4136.85,,,Cancelled,2026-07-07 14:03:07,,0.0,,1195883718
XAUUSD,Buy,Limit,0.01,0.01,4126.85,,4126.84,Filled,2026-07-07 13:48:13,XAUUSD:1195883717,0.0,,1195883717
XAUUSD,Sell,Stop Loss,0.01,0.01,,4125.85,4125.82,Filled,2026-07-07 13:48:13,XAUUSD:1195883717,0.0,-1.02,1195883719
XAUUSD,Buy,Take Profit,0.01,0,4121.87,,,Cancelled,2026-07-07 13:45:21,,0.0,,1195879051
XAUUSD,Buy,Limit,0.01,0.01,4126.15,,4126.21,Filled,2026-07-07 13:41:59,XAUUSD:1195881047,0.0,,1195881047
XAUUSD,Sell,Stop Loss,0.01,0.01,,4125.15,4125.14,Filled,2026-07-07 13:41:59,XAUUSD:1195881047,0.0,-1.07,1195881049
XAUUSD,Sell,Limit,0.01,0.01,4131.87,,4131.94,Filled,2026-07-07 13:37:08,XAUUSD:1195878850,0.0,,1195878850
XAUUSD,Buy,Stop Loss,0.01,0.01,,4132.87,4132.92,Filled,2026-07-07 13:37:08,XAUUSD:1195878850,0.0,-0.98,1195879052
XAUUSD,Buy,Limit,0.01,0,4121.44,,,Cancelled,2026-07-07 13:26:21,,0.0,,1195865741
XAUUSD,Sell,Take Profit,0,0,4131.44,,,Cancelled,2026-07-07 13:26:21,,0.0,,1195865742
XAUUSD,Sell,Stop Loss,0,0,,4120.44,,Cancelled,2026-07-07 13:26:21,,0.0,,1195865743
XAUUSD,Sell,Take Profit,0.01,0,4133.9,,,Cancelled,2026-07-07 13:09:19,,0.0,,1195865713
XAUUSD,Sell,Take Profit,0.01,0,4134.89,,,Cancelled,2026-07-07 13:09:09,,0.0,,1195866523
XAUUSD,Buy,Limit,0.01,0.01,4124.89,,4124.88,Filled,2026-07-07 13:07:15,XAUUSD:1195866522,0.0,,1195866522
XAUUSD,Sell,Stop Loss,0.01,0.01,,4123.89,4123.75,Filled,2026-07-07 13:07:15,XAUUSD:1195866522,0.0,-1.13,1195866524
XAUUSD,Buy,Limit,0.01,0.01,4123.9,,4123.7,Filled,2026-07-07 13:05:15,XAUUSD:1195865712,0.0,,1195865712
XAUUSD,Sell,Stop Loss,0.01,0.01,,4122.9,4122.81,Filled,2026-07-07 13:05:15,XAUUSD:1195865712,0.0,-0.89,1195865714
XAUUSD,Buy,Limit,0.01,0,4123.24,,,Cancelled,2026-07-07 13:02:33,,0.0,,1195860960
XAUUSD,Sell,Take Profit,0,0,4133.24,,,Cancelled,2026-07-07 13:02:33,,0.0,,1195860961
XAUUSD,Sell,Stop Loss,0,0,,4122.24,,Cancelled,2026-07-07 13:02:33,,0.0,,1195860962
XAUUSD,Buy,Take Profit,0.01,0,4121.5,,,Cancelled,2026-07-07 11:41:21,,0.0,,1195820294
XAUUSD,Buy,Stop Loss,0.01,0.01,,4131.59,4131.58,Filled,2026-07-07 11:36:45,XAUUSD:1195820293,0.0,0.02,1195820295
XAUUSD,Sell,Limit,0.01,0.01,4131.5,,4131.6,Filled,2026-07-07 11:31:17,XAUUSD:1195820293,0.0,,1195820293
XAUUSD,Buy,Take Profit,0.01,0,4124.06,,,Cancelled,2026-07-07 11:07:38,,0.0,,1195798812
XAUUSD,Sell,Limit,0.01,0.01,4134.06,,4133.75,Filled,2026-07-07 10:44:01,XAUUSD:1195798811,0.0,,1195798811
XAUUSD,Buy,Stop Loss,0.01,0.01,,4135.06,4135.06,Filled,2026-07-07 10:44:01,XAUUSD:1195798811,0.0,-1.31,1195798813
XAUUSD,Sell,Limit,0.01,0,4137.68,,,Cancelled,2026-07-07 10:43:15,,0.0,,1195795402
XAUUSD,Buy,Take Profit,0,0,4127.68,,,Cancelled,2026-07-07 10:43:15,,0.0,,1195795403
XAUUSD,Buy,Stop Loss,0,0,,4138.68,,Cancelled,2026-07-07 10:43:15,,0.0,,1195795404
XAUUSD,Sell,Limit,0.01,0,4143.05,,,Cancelled,2026-07-07 10:30:43,,0.0,,1195784418
XAUUSD,Buy,Take Profit,0,0,4133.05,,,Cancelled,2026-07-07 10:30:43,,0.0,,1195784419
XAUUSD,Buy,Stop Loss,0,0,,4144.05,,Cancelled,2026-07-07 10:30:43,,0.0,,1195784420
XAUUSD,Sell,Limit,0.01,0,4140.48,,,Cancelled,2026-07-07 10:30:42,,0.0,,1195784402
XAUUSD,Buy,Take Profit,0,0,4130.48,,,Cancelled,2026-07-07 10:30:42,,0.0,,1195784403
XAUUSD,Buy,Stop Loss,0,0,,4141.48,,Cancelled,2026-07-07 10:30:42,,0.0,,1195784404
XAUUSD,Sell,Limit,0.01,0,4157.17,,,Cancelled,2026-07-07 08:00:09,,0.0,,1195717018
XAUUSD,Buy,Take Profit,0,0,4147.17,,,Cancelled,2026-07-07 08:00:09,,0.0,,1195717019
XAUUSD,Buy,Stop Loss,0,0,,4158.17,,Cancelled,2026-07-07 08:00:09,,0.0,,1195717020
XAUUSD,Sell,Limit,0.01,0,4163.65,,,Cancelled,2026-07-07 06:56:44,,0.0,,1195689552
XAUUSD,Buy,Take Profit,0,0,4153.65,,,Cancelled,2026-07-07 06:56:44,,0.0,,1195689553
XAUUSD,Buy,Stop Loss,0,0,,4164.65,,Cancelled,2026-07-07 06:56:44,,0.0,,1195689554
XAUUSD,Sell,Limit,0.01,0,4147.93,,,Cancelled,2026-07-06 22:18:19,,0.0,,1195458350
XAUUSD,Buy,Take Profit,0,0,4137.93,,,Cancelled,2026-07-06 22:18:19,,0.0,,1195458501
XAUUSD,Buy,Stop Loss,0,0,,4148.93,,Cancelled,2026-07-06 22:18:19,,0.0,,1195458502
XAUUSD,Buy,Take Profit,0.01,0,4134.4,,,Cancelled,2026-07-06 22:08:05,,0.0,,1195459292
XAUUSD,Sell,Limit,0.01,0.01,4144.4,,4144.43,Filled,2026-07-06 22:06:15,XAUUSD:1195459291,0.0,,1195459291
XAUUSD,Buy,Stop Loss,0.01,0.01,,4145.4,4145.53,Filled,2026-07-06 22:06:15,XAUUSD:1195459291,0.0,-1.1,1195459293
XAUUSD,Buy,Take Profit,0.01,0,4129.94,,,Cancelled,2026-07-06 22:03:11,,0.0,,1195450765
XAUUSD,Sell,Limit,0.01,0.01,4139.94,,4140.5,Filled,2026-07-06 21:57:56,XAUUSD:1195450764,0.0,,1195450764
XAUUSD,Buy,Stop Loss,0.01,0.01,,4140.94,4140.97,Filled,2026-07-06 21:57:56,XAUUSD:1195450764,0.0,-0.47,1195450766
XAUUSD,Sell,Take Profit,0.01,0,4144.55,,,Cancelled,2026-07-06 21:44:01,,0.0,,1195429190
XAUUSD,Sell,Take Profit,0.01,0,4147.51,,,Cancelled,2026-07-06 21:39:18,,0.0,,1195428309
XAUUSD,Buy,Limit,0.01,0.01,4134.55,,4134.51,Filled,2026-07-06 21:34:59,XAUUSD:1195429189,0.0,,1195429189
XAUUSD,Sell,Stop Loss,0.01,0.01,,4133.55,4133.64,Filled,2026-07-06 21:34:59,XAUUSD:1195429189,0.0,-0.87,1195429191
XAUUSD,Buy,Limit,0.01,0.01,4137.51,,4137.54,Filled,2026-07-06 21:34:14,XAUUSD:1195428308,0.0,,1195428308
XAUUSD,Sell,Stop Loss,0.01,0.01,,4136.51,4136.42,Filled,2026-07-06 21:34:14,XAUUSD:1195428308,0.0,-1.12,1195428310
XAUUSD,Sell,Limit,0.01,0,4139.11,,,Cancelled,2026-07-06 21:24:39,,0.0,,1195417470
XAUUSD,Buy,Take Profit,0,0,4129.11,,,Cancelled,2026-07-06 21:24:39,,0.0,,1195417471
XAUUSD,Buy,Stop Loss,0,0,,4140.11,,Cancelled,2026-07-06 21:24:39,,0.0,,1195417472
XAUUSD,Sell,Stop Loss,0.01,0,,4139.55,,Cancelled,2026-07-06 20:40:15,,0.0,,1195336855
XAUUSD,Sell,Take Profit,0.01,0.01,4150.02,,4150.04,Filled,2026-07-06 20:40:11,XAUUSD:1195336853,0.0,10.52,1195336854
XAUUSD,Buy,Limit,0.01,0.01,4139.53,,4139.52,Filled,2026-07-06 20:14:21,XAUUSD:1195336853,0.0,,1195336853
XAUUSD,Buy,Take Profit,0.01,0,4138.23,,,Cancelled,2026-07-06 20:11:05,,0.0,,1195330829
XAUUSD,Buy,Stop Loss,0.01,0.01,,4148.29,4148.37,Filled,2026-07-06 20:10:14,XAUUSD:1195330828,0.0,-0.45,1195330830
XAUUSD,Sell,Limit,0.01,0.01,4148.23,,4147.92,Filled,2026-07-06 20:07:40,XAUUSD:1195330828,0.0,,1195330828
XAUUSD,Sell,Take Profit,0.01,0,4166.31,,,Cancelled,2026-07-06 19:14:04,,0.0,,1195286698
XAUUSD,Sell,Stop Loss,0.01,0.01,,4154.38,4154.38,Filled,2026-07-06 19:13:22,XAUUSD:1195286407,0.0,0.0,1195286552
XAUUSD,Buy,Limit,0.01,0.01,4154.69,,4154.38,Filled,2026-07-06 19:12:33,XAUUSD:1195286407,0.0,,1195286407
XAUUSD,Sell,Take Profit,0.01,0,4173.09,,,Cancelled,2026-07-06 18:50:20,,0.0,,1195271763
XAUUSD,Sell,Take Profit,0.01,0,4163.08,,,Cancelled,2026-07-06 18:48:11,,0.0,,1195260165
XAUUSD,Buy,Limit,0.01,0.01,4153.09,,4152.59,Filled,2026-07-06 18:46:59,XAUUSD:1195271762,0.0,,1195271762
XAUUSD,Sell,Stop Loss,0.01,0.01,,4152.09,4152.21,Filled,2026-07-06 18:46:59,XAUUSD:1195271762,0.0,-0.38,1195271764
XAUUSD,Sell,Stop Loss,0.01,0.01,,4152.96,4152.74,Filled,2026-07-06 18:45:24,XAUUSD:1195260164,0.0,-0.65,1195260166
XAUUSD,Buy,Limit,0.01,0.01,4153.55,,4153.39,Filled,2026-07-06 18:43:32,XAUUSD:1195260164,0.0,,1195260164
XAUUSD,Buy,Take Profit,0.01,0,4145.21,,,Cancelled,2026-07-06 18:17:41,,0.0,,1195256722
XAUUSD,Buy,Stop Loss,0.01,0.01,,4156.27,4156.62,Filled,2026-07-06 18:15:59,XAUUSD:1195256534,0.0,-1.55,1195256544
XAUUSD,Sell,Market,0.01,0.01,,,4155.07,Filled,2026-07-06 18:15:37,XAUUSD:1195256534,0.0,,1195256534
XAUUSD,Buy,Take Profit,0.01,0,4144.07,,,Cancelled,2026-07-06 18:13:16,,0.0,,1195252606
XAUUSD,Buy,Stop Loss,0.01,0.01,,4154.07,4154.12,Filled,2026-07-06 18:10:04,XAUUSD:1195252605,0.0,-0.16,1195252607
XAUUSD,Sell,Limit,0.01,0.01,4154.07,,4153.96,Filled,2026-07-06 18:05:31,XAUUSD:1195252605,0.0,,1195252605
XAUUSD,Buy,Limit,0.01,0,4149.77,,,Cancelled,2026-07-06 17:53:33,,0.0,,1195241591
XAUUSD,Sell,Take Profit,0,0,4159.77,,,Cancelled,2026-07-06 17:53:33,,0.0,,1195241592
XAUUSD,Sell,Stop Loss,0,0,,4148.77,,Cancelled,2026-07-06 17:53:33,,0.0,,1195241593
XAUUSD,Sell,Limit,0.01,0,4162.2,,,Cancelled,2026-07-06 15:23:53,,0.0,,1195170985
XAUUSD,Buy,Take Profit,0,0,4152.2,,,Cancelled,2026-07-06 15:23:53,,0.0,,1195170986
XAUUSD,Buy,Stop Loss,0,0,,4163.2,,Cancelled,2026-07-06 15:23:53,,0.0,,1195170987
XAUUSD,Sell,Take Profit,0.01,0,4160.98,,,Cancelled,2026-07-06 13:56:09,,0.0,,1195116337
XAUUSD,Buy,Take Profit,0.01,0,4148.91,,,Cancelled,2026-07-06 13:54:14,,0.0,,1195115754
XAUUSD,Buy,Stop Loss,0.01,0,,4158.95,,Cancelled,2026-07-06 13:54:14,,0.0,,1195115755
XAUUSD,Buy,Market,0.01,0.01,,,4152.27,Filled,2026-07-06 13:54:14,XAUUSD:1195115753,0.0,6.68,1195127877
XAUUSD,Buy,Limit,0.01,0.01,4150.98,,4150.95,Filled,2026-07-06 13:29:34,XAUUSD:1195116336,0.0,,1195116336
XAUUSD,Sell,Stop Loss,0.01,0.01,,4149.98,4150.14,Filled,2026-07-06 13:29:34,XAUUSD:1195116336,0.0,-0.81,1195116338
XAUUSD,Sell,Limit,0.01,0.01,4158.91,,4158.95,Filled,2026-07-06 13:28:17,XAUUSD:1195115753,0.0,,1195115753
XAUUSD,Buy,Take Profit,0.01,0,4143.87,,,Cancelled,2026-07-06 13:25:46,,0.0,,1195099420
XAUUSD,Sell,Limit,0.01,0,4154.49,,,Cancelled,2026-07-06 13:25:10,,0.0,,1195096492
XAUUSD,Buy,Take Profit,0,0,4144.49,,,Cancelled,2026-07-06 13:25:10,,0.0,,1195096493
XAUUSD,Buy,Stop Loss,0,0,,4155.49,,Cancelled,2026-07-06 13:25:10,,0.0,,1195096494
XAUUSD,Sell,Limit,0.01,0.01,4153.87,,4154.01,Filled,2026-07-06 12:59:35,XAUUSD:1195099419,0.0,,1195099419
XAUUSD,Buy,Stop Loss,0.01,0.01,,4154.87,4155.03,Filled,2026-07-06 12:59:35,XAUUSD:1195099419,0.0,-1.02,1195099421
XAUUSD,Sell,Take Profit,0.01,0,4172.36,,,Cancelled,2026-07-06 12:30:00,,0.0,,1195079923
XAUUSD,Sell,Stop Loss,0.01,0.01,,4152.45,4152.45,Filled,2026-07-06 12:28:48,XAUUSD:1195079922,0.0,0.0,1195079924
XAUUSD,Buy,Limit,0.01,0.01,4152.46,,4152.45,Filled,2026-07-06 12:27:00,XAUUSD:1195079922,0.0,,1195079922
XAUUSD,Sell,Limit,0.01,0,4166.26,,,Cancelled,2026-07-06 12:07:59,,0.0,,1195052654